{
    "document_time": 7.151871204376221,
    "page_times": [
        0.15405988693237305,
        0.011075735092163086,
        0.6556820869445801,
        0.008624076843261719,
        0.33796215057373047,
        0.1204841136932373,
        0.1249849796295166,
        0.681959867477417,
        0.124298095703125,
        0.1133880615234375,
        0.17197608947753906,
        0.8343589305877686,
        0.6682279109954834,
        0.6543269157409668,
        0.6257920265197754,
        0.6056108474731445,
        0.6451411247253418,
        0.09899306297302246,
        0.04000520706176758,
        0.008230924606323242,
        0.13965415954589844,
        0.009019851684570312,
        0.2777068614959717,
        0.022243022918701172,
        0.0028138160705566406
    ],
    "average_image_time": 0.0017375349998474121,
    "tables_page_times": {
        "1": 1.0330259799957275,
        "4": 1.5962328910827637,
        "2": 1.6124732494354248,
        "3": 1.6289138793945312,
        "5": 0.8083882331848145,
        "6": 0.7586469650268555,
        "8": 0.7792367935180664,
        "7": 0.9091057777404785,
        "9": 0.8370990753173828,
        "10": 0.3257570266723633,
        "11": 0.497344970703125,
        "12": 0.40427589416503906,
        "14": 0.7916460037231445,
        "13": 0.8121938705444336,
        "15": 0.6416928768157959,
        "16": 0.6217222213745117,
        "17": 0.43444132804870605,
        "18": 0.827678918838501,
        "20": 0.9543490409851074,
        "21": 1.2264480590820312,
        "19": 1.5941359996795654,
        "22": 1.124450922012329,
        "25": 0.6453850269317627,
        "23": 1.398219108581543,
        "24": 1.0634970664978027
    },
    "tables_total_time": 23.326361179351807
}